-- inizio fixed domain

--
-- Data for Name: area; Type: TABLE DATA; Schema: public; Owner: mauro
--

INSERT INTO area VALUES ('Basic programmes and qualifications');
INSERT INTO area VALUES ('Computer use');
INSERT INTO area VALUES ('Literacy and numeracy');
INSERT INTO area VALUES ('Database and network design and administration');
INSERT INTO area VALUES ('Personal skills and development');
INSERT INTO area VALUES ('Software and applications development and analysis');
INSERT INTO area VALUES ('Education science');
INSERT INTO area VALUES ('Chemical engineering and processes');
INSERT INTO area VALUES ('Training for pre-school teachers');
INSERT INTO area VALUES ('Environmental protection technology');
INSERT INTO area VALUES ('Teacher training without subject specialization');
INSERT INTO area VALUES ('Electricity and energy');
INSERT INTO area VALUES ('Teacher training with subject specialization');
INSERT INTO area VALUES ('Electronics and automation');
INSERT INTO area VALUES ('Audio-visual techniques and media production');
INSERT INTO area VALUES ('Mechanics and metal trades');
INSERT INTO area VALUES ('Fashion, interior and industrial design');
INSERT INTO area VALUES ('Motor vehicles, ships and aircraft');
INSERT INTO area VALUES ('Fine arts');
INSERT INTO area VALUES ('Food processing');
INSERT INTO area VALUES ('Handicrafts');
INSERT INTO area VALUES ('Materials (glass, paper, plastic and wood)');
INSERT INTO area VALUES ('Music and performing arts');
INSERT INTO area VALUES ('Textiles (clothes, footwear and leather)');
INSERT INTO area VALUES ('Religion and theology');
INSERT INTO area VALUES ('Mining and extraction');
INSERT INTO area VALUES ('History and archaeology');
INSERT INTO area VALUES ('Architecture and town planning');
INSERT INTO area VALUES ('Philosophy and ethics');
INSERT INTO area VALUES ('Building and civil engineering');
INSERT INTO area VALUES ('Language acquisition');
INSERT INTO area VALUES ('Crop and livestock production');
INSERT INTO area VALUES ('Literature and linguistics');
INSERT INTO area VALUES ('Horticulture');
INSERT INTO area VALUES ('Economics');
INSERT INTO area VALUES ('Forestry');
INSERT INTO area VALUES ('Political sciences and civics');
INSERT INTO area VALUES ('Fisheries');
INSERT INTO area VALUES ('Psychology');
INSERT INTO area VALUES ('Veterinary');
INSERT INTO area VALUES ('Sociology and cultural studies');
INSERT INTO area VALUES ('Dental studies');
INSERT INTO area VALUES ('Journalism and reporting');
INSERT INTO area VALUES ('Medicine');
INSERT INTO area VALUES ('Library, information and archival studies');
INSERT INTO area VALUES ('Nursing and midwifery');
INSERT INTO area VALUES ('Accounting and taxation');
INSERT INTO area VALUES ('Medical diagnostic and treatment technology');
INSERT INTO area VALUES ('Finance, banking and insurance');
INSERT INTO area VALUES ('Therapy and rehabilitation');
INSERT INTO area VALUES ('Management and administration');
INSERT INTO area VALUES ('Pharmacy');
INSERT INTO area VALUES ('Marketing and advertising');
INSERT INTO area VALUES ('Traditional and complementary medicine and therapy');
INSERT INTO area VALUES ('Secretarial and office work');
INSERT INTO area VALUES ('Care of the elderly and of disabled adults');
INSERT INTO area VALUES ('Wholesale and retail sales');
INSERT INTO area VALUES ('Child care and youth services');
INSERT INTO area VALUES ('Work skills');
INSERT INTO area VALUES ('Social work and counselling');
INSERT INTO area VALUES ('Law');
INSERT INTO area VALUES ('Domestic services');
INSERT INTO area VALUES ('Biology');
INSERT INTO area VALUES ('Hair and beauty services');
INSERT INTO area VALUES ('Biochemistry');
INSERT INTO area VALUES ('Hotel, restaurants and catering');
INSERT INTO area VALUES ('Environmental sciences');
INSERT INTO area VALUES ('Sports');
INSERT INTO area VALUES ('Natural environments and wildlife');
INSERT INTO area VALUES ('Travel, tourism and leisure');
INSERT INTO area VALUES ('Chemistry');
INSERT INTO area VALUES ('Community sanitation');
INSERT INTO area VALUES ('Earth sciences');
INSERT INTO area VALUES ('Occupational health and safety');
INSERT INTO area VALUES ('Physics');
INSERT INTO area VALUES ('Military and defence');
INSERT INTO area VALUES ('Mathematics');
INSERT INTO area VALUES ('Protection of persons and property');
INSERT INTO area VALUES ('Statistics');
INSERT INTO area VALUES ('Transport services');


--
-- Data for Name: lingua; Type: TABLE DATA; Schema: public; Owner: mauro
--

INSERT INTO lingua VALUES ('hye', 'Armenian');
INSERT INTO lingua VALUES ('ast', 'Asturian');
INSERT INTO lingua VALUES ('eus', 'Basque');
INSERT INTO lingua VALUES ('bel', 'Belarusian');
INSERT INTO lingua VALUES ('bos', 'Bosnian');
INSERT INTO lingua VALUES ('bul', 'Bulgarian');
INSERT INTO lingua VALUES ('cat', 'Catalan');
INSERT INTO lingua VALUES ('ces', 'Czech');
INSERT INTO lingua VALUES ('cym', 'Welsh');
INSERT INTO lingua VALUES ('dan', 'Danish');
INSERT INTO lingua VALUES ('deu', 'German');
INSERT INTO lingua VALUES ('nld', 'Dutch');
INSERT INTO lingua VALUES ('ell', 'Greek');
INSERT INTO lingua VALUES ('eng', 'English');
INSERT INTO lingua VALUES ('epo', 'Esperanto');
INSERT INTO lingua VALUES ('fao', 'Faroese');
INSERT INTO lingua VALUES ('fin', 'Finnish');
INSERT INTO lingua VALUES ('fra', 'French');
INSERT INTO lingua VALUES ('kat', 'Georgian');
INSERT INTO lingua VALUES ('gle', 'Irish');
INSERT INTO lingua VALUES ('heb', 'Hebrew');
INSERT INTO lingua VALUES ('hrv', 'Croatian');
INSERT INTO lingua VALUES ('hun', 'Hungarian');
INSERT INTO lingua VALUES ('isl', 'Icelandic');
INSERT INTO lingua VALUES ('ita', 'Italian');
INSERT INTO lingua VALUES ('lit', 'Lithuanian');
INSERT INTO lingua VALUES ('ltz', 'Luxembourgish');
INSERT INTO lingua VALUES ('mkd', 'Macedonian');
INSERT INTO lingua VALUES ('mlt', 'Maltese');
INSERT INTO lingua VALUES ('pol', 'Polish');
INSERT INTO lingua VALUES ('por', 'Portuguese');
INSERT INTO lingua VALUES ('ron', 'Romanian');
INSERT INTO lingua VALUES ('rus', 'Russian');
INSERT INTO lingua VALUES ('slk', 'Slovak');
INSERT INTO lingua VALUES ('slv', 'Slovenian');
INSERT INTO lingua VALUES ('spa', 'Spanish');
INSERT INTO lingua VALUES ('swe', 'Swedish');
INSERT INTO lingua VALUES ('tur', 'Turkish');
INSERT INTO lingua VALUES ('ukr', 'Ukrainian');
INSERT INTO lingua VALUES ('wln', 'Walloon');
INSERT INTO lingua VALUES ('sqi', 'Albanian');
INSERT INTO lingua VALUES ('ara', 'Arabic');
INSERT INTO lingua VALUES ('est', 'Estonian');
INSERT INTO lingua VALUES ('lav', 'Latvian');
INSERT INTO lingua VALUES ('nor', 'Norwegian');


--
-- Data for Name: certificatilinguistici; Type: TABLE DATA; Schema: public; Owner: mauro
--

INSERT INTO certificatilinguistici VALUES ('hye', 'A1');
INSERT INTO certificatilinguistici VALUES ('hye', 'A2');
INSERT INTO certificatilinguistici VALUES ('hye', 'B1');
INSERT INTO certificatilinguistici VALUES ('hye', 'B2');
INSERT INTO certificatilinguistici VALUES ('hye', 'C1');
INSERT INTO certificatilinguistici VALUES ('hye', 'C2');
INSERT INTO certificatilinguistici VALUES ('ast', 'A1');
INSERT INTO certificatilinguistici VALUES ('ast', 'A2');
INSERT INTO certificatilinguistici VALUES ('ast', 'B1');
INSERT INTO certificatilinguistici VALUES ('ast', 'B2');
INSERT INTO certificatilinguistici VALUES ('ast', 'C1');
INSERT INTO certificatilinguistici VALUES ('ast', 'C2');
INSERT INTO certificatilinguistici VALUES ('eus', 'A1');
INSERT INTO certificatilinguistici VALUES ('eus', 'A2');
INSERT INTO certificatilinguistici VALUES ('eus', 'B1');
INSERT INTO certificatilinguistici VALUES ('eus', 'B2');
INSERT INTO certificatilinguistici VALUES ('eus', 'C1');
INSERT INTO certificatilinguistici VALUES ('eus', 'C2');
INSERT INTO certificatilinguistici VALUES ('bel', 'A1');
INSERT INTO certificatilinguistici VALUES ('bel', 'A2');
INSERT INTO certificatilinguistici VALUES ('bel', 'B1');
INSERT INTO certificatilinguistici VALUES ('bel', 'B2');
INSERT INTO certificatilinguistici VALUES ('bel', 'C1');
INSERT INTO certificatilinguistici VALUES ('bel', 'C2');
INSERT INTO certificatilinguistici VALUES ('bos', 'A1');
INSERT INTO certificatilinguistici VALUES ('bos', 'A2');
INSERT INTO certificatilinguistici VALUES ('bos', 'B1');
INSERT INTO certificatilinguistici VALUES ('bos', 'B2');
INSERT INTO certificatilinguistici VALUES ('bos', 'C1');
INSERT INTO certificatilinguistici VALUES ('bos', 'C2');
INSERT INTO certificatilinguistici VALUES ('bul', 'A1');
INSERT INTO certificatilinguistici VALUES ('bul', 'A2');
INSERT INTO certificatilinguistici VALUES ('bul', 'B1');
INSERT INTO certificatilinguistici VALUES ('bul', 'B2');
INSERT INTO certificatilinguistici VALUES ('bul', 'C1');
INSERT INTO certificatilinguistici VALUES ('bul', 'C2');
INSERT INTO certificatilinguistici VALUES ('cat', 'A1');
INSERT INTO certificatilinguistici VALUES ('cat', 'A2');
INSERT INTO certificatilinguistici VALUES ('cat', 'B1');
INSERT INTO certificatilinguistici VALUES ('cat', 'B2');
INSERT INTO certificatilinguistici VALUES ('cat', 'C1');
INSERT INTO certificatilinguistici VALUES ('cat', 'C2');
INSERT INTO certificatilinguistici VALUES ('ces', 'A1');
INSERT INTO certificatilinguistici VALUES ('ces', 'A2');
INSERT INTO certificatilinguistici VALUES ('ces', 'B1');
INSERT INTO certificatilinguistici VALUES ('ces', 'B2');
INSERT INTO certificatilinguistici VALUES ('ces', 'C1');
INSERT INTO certificatilinguistici VALUES ('ces', 'C2');
INSERT INTO certificatilinguistici VALUES ('cym', 'A1');
INSERT INTO certificatilinguistici VALUES ('cym', 'A2');
INSERT INTO certificatilinguistici VALUES ('cym', 'B1');
INSERT INTO certificatilinguistici VALUES ('cym', 'B2');
INSERT INTO certificatilinguistici VALUES ('cym', 'C1');
INSERT INTO certificatilinguistici VALUES ('cym', 'C2');
INSERT INTO certificatilinguistici VALUES ('dan', 'A1');
INSERT INTO certificatilinguistici VALUES ('dan', 'A2');
INSERT INTO certificatilinguistici VALUES ('dan', 'B1');
INSERT INTO certificatilinguistici VALUES ('dan', 'B2');
INSERT INTO certificatilinguistici VALUES ('dan', 'C1');
INSERT INTO certificatilinguistici VALUES ('dan', 'C2');
INSERT INTO certificatilinguistici VALUES ('deu', 'A1');
INSERT INTO certificatilinguistici VALUES ('deu', 'A2');
INSERT INTO certificatilinguistici VALUES ('deu', 'B1');
INSERT INTO certificatilinguistici VALUES ('deu', 'B2');
INSERT INTO certificatilinguistici VALUES ('deu', 'C1');
INSERT INTO certificatilinguistici VALUES ('deu', 'C2');
INSERT INTO certificatilinguistici VALUES ('nld', 'A1');
INSERT INTO certificatilinguistici VALUES ('nld', 'A2');
INSERT INTO certificatilinguistici VALUES ('nld', 'B1');
INSERT INTO certificatilinguistici VALUES ('nld', 'B2');
INSERT INTO certificatilinguistici VALUES ('nld', 'C1');
INSERT INTO certificatilinguistici VALUES ('nld', 'C2');
INSERT INTO certificatilinguistici VALUES ('ell', 'A1');
INSERT INTO certificatilinguistici VALUES ('ell', 'A2');
INSERT INTO certificatilinguistici VALUES ('ell', 'B1');
INSERT INTO certificatilinguistici VALUES ('ell', 'B2');
INSERT INTO certificatilinguistici VALUES ('ell', 'C1');
INSERT INTO certificatilinguistici VALUES ('ell', 'C2');
INSERT INTO certificatilinguistici VALUES ('eng', 'A1');
INSERT INTO certificatilinguistici VALUES ('eng', 'A2');
INSERT INTO certificatilinguistici VALUES ('eng', 'B1');
INSERT INTO certificatilinguistici VALUES ('eng', 'B2');
INSERT INTO certificatilinguistici VALUES ('eng', 'C1');
INSERT INTO certificatilinguistici VALUES ('eng', 'C2');
INSERT INTO certificatilinguistici VALUES ('epo', 'A1');
INSERT INTO certificatilinguistici VALUES ('epo', 'A2');
INSERT INTO certificatilinguistici VALUES ('epo', 'B1');
INSERT INTO certificatilinguistici VALUES ('epo', 'B2');
INSERT INTO certificatilinguistici VALUES ('epo', 'C1');
INSERT INTO certificatilinguistici VALUES ('epo', 'C2');
INSERT INTO certificatilinguistici VALUES ('fao', 'A1');
INSERT INTO certificatilinguistici VALUES ('fao', 'A2');
INSERT INTO certificatilinguistici VALUES ('fao', 'B1');
INSERT INTO certificatilinguistici VALUES ('fao', 'B2');
INSERT INTO certificatilinguistici VALUES ('fao', 'C1');
INSERT INTO certificatilinguistici VALUES ('fao', 'C2');
INSERT INTO certificatilinguistici VALUES ('fin', 'A1');
INSERT INTO certificatilinguistici VALUES ('fin', 'A2');
INSERT INTO certificatilinguistici VALUES ('fin', 'B1');
INSERT INTO certificatilinguistici VALUES ('fin', 'B2');
INSERT INTO certificatilinguistici VALUES ('fin', 'C1');
INSERT INTO certificatilinguistici VALUES ('fin', 'C2');
INSERT INTO certificatilinguistici VALUES ('fra', 'A1');
INSERT INTO certificatilinguistici VALUES ('fra', 'A2');
INSERT INTO certificatilinguistici VALUES ('fra', 'B1');
INSERT INTO certificatilinguistici VALUES ('fra', 'B2');
INSERT INTO certificatilinguistici VALUES ('fra', 'C1');
INSERT INTO certificatilinguistici VALUES ('fra', 'C2');
INSERT INTO certificatilinguistici VALUES ('kat', 'A1');
INSERT INTO certificatilinguistici VALUES ('kat', 'A2');
INSERT INTO certificatilinguistici VALUES ('kat', 'B1');
INSERT INTO certificatilinguistici VALUES ('kat', 'B2');
INSERT INTO certificatilinguistici VALUES ('kat', 'C1');
INSERT INTO certificatilinguistici VALUES ('kat', 'C2');
INSERT INTO certificatilinguistici VALUES ('gle', 'A1');
INSERT INTO certificatilinguistici VALUES ('gle', 'A2');
INSERT INTO certificatilinguistici VALUES ('gle', 'B1');
INSERT INTO certificatilinguistici VALUES ('gle', 'B2');
INSERT INTO certificatilinguistici VALUES ('gle', 'C1');
INSERT INTO certificatilinguistici VALUES ('gle', 'C2');
INSERT INTO certificatilinguistici VALUES ('heb', 'A1');
INSERT INTO certificatilinguistici VALUES ('heb', 'A2');
INSERT INTO certificatilinguistici VALUES ('heb', 'B1');
INSERT INTO certificatilinguistici VALUES ('heb', 'B2');
INSERT INTO certificatilinguistici VALUES ('heb', 'C1');
INSERT INTO certificatilinguistici VALUES ('heb', 'C2');
INSERT INTO certificatilinguistici VALUES ('hrv', 'A1');
INSERT INTO certificatilinguistici VALUES ('hrv', 'A2');
INSERT INTO certificatilinguistici VALUES ('hrv', 'B1');
INSERT INTO certificatilinguistici VALUES ('hrv', 'B2');
INSERT INTO certificatilinguistici VALUES ('hrv', 'C1');
INSERT INTO certificatilinguistici VALUES ('hrv', 'C2');
INSERT INTO certificatilinguistici VALUES ('hun', 'A1');
INSERT INTO certificatilinguistici VALUES ('hun', 'A2');
INSERT INTO certificatilinguistici VALUES ('hun', 'B1');
INSERT INTO certificatilinguistici VALUES ('hun', 'B2');
INSERT INTO certificatilinguistici VALUES ('hun', 'C1');
INSERT INTO certificatilinguistici VALUES ('hun', 'C2');
INSERT INTO certificatilinguistici VALUES ('isl', 'A1');
INSERT INTO certificatilinguistici VALUES ('isl', 'A2');
INSERT INTO certificatilinguistici VALUES ('isl', 'B1');
INSERT INTO certificatilinguistici VALUES ('isl', 'B2');
INSERT INTO certificatilinguistici VALUES ('isl', 'C1');
INSERT INTO certificatilinguistici VALUES ('isl', 'C2');
INSERT INTO certificatilinguistici VALUES ('ita', 'A1');
INSERT INTO certificatilinguistici VALUES ('ita', 'A2');
INSERT INTO certificatilinguistici VALUES ('ita', 'B1');
INSERT INTO certificatilinguistici VALUES ('ita', 'B2');
INSERT INTO certificatilinguistici VALUES ('ita', 'C1');
INSERT INTO certificatilinguistici VALUES ('ita', 'C2');
INSERT INTO certificatilinguistici VALUES ('lit', 'A1');
INSERT INTO certificatilinguistici VALUES ('lit', 'A2');
INSERT INTO certificatilinguistici VALUES ('lit', 'B1');
INSERT INTO certificatilinguistici VALUES ('lit', 'B2');
INSERT INTO certificatilinguistici VALUES ('lit', 'C1');
INSERT INTO certificatilinguistici VALUES ('lit', 'C2');
INSERT INTO certificatilinguistici VALUES ('ltz', 'A1');
INSERT INTO certificatilinguistici VALUES ('ltz', 'A2');
INSERT INTO certificatilinguistici VALUES ('ltz', 'B1');
INSERT INTO certificatilinguistici VALUES ('ltz', 'B2');
INSERT INTO certificatilinguistici VALUES ('ltz', 'C1');
INSERT INTO certificatilinguistici VALUES ('ltz', 'C2');
INSERT INTO certificatilinguistici VALUES ('mkd', 'A1');
INSERT INTO certificatilinguistici VALUES ('mkd', 'A2');
INSERT INTO certificatilinguistici VALUES ('mkd', 'B1');
INSERT INTO certificatilinguistici VALUES ('mkd', 'B2');
INSERT INTO certificatilinguistici VALUES ('mkd', 'C1');
INSERT INTO certificatilinguistici VALUES ('mkd', 'C2');
INSERT INTO certificatilinguistici VALUES ('mlt', 'A1');
INSERT INTO certificatilinguistici VALUES ('mlt', 'A2');
INSERT INTO certificatilinguistici VALUES ('mlt', 'B1');
INSERT INTO certificatilinguistici VALUES ('mlt', 'B2');
INSERT INTO certificatilinguistici VALUES ('mlt', 'C1');
INSERT INTO certificatilinguistici VALUES ('mlt', 'C2');
INSERT INTO certificatilinguistici VALUES ('pol', 'A1');
INSERT INTO certificatilinguistici VALUES ('pol', 'A2');
INSERT INTO certificatilinguistici VALUES ('pol', 'B1');
INSERT INTO certificatilinguistici VALUES ('pol', 'B2');
INSERT INTO certificatilinguistici VALUES ('pol', 'C1');
INSERT INTO certificatilinguistici VALUES ('pol', 'C2');
INSERT INTO certificatilinguistici VALUES ('por', 'A1');
INSERT INTO certificatilinguistici VALUES ('por', 'A2');
INSERT INTO certificatilinguistici VALUES ('por', 'B1');
INSERT INTO certificatilinguistici VALUES ('por', 'B2');
INSERT INTO certificatilinguistici VALUES ('por', 'C1');
INSERT INTO certificatilinguistici VALUES ('por', 'C2');
INSERT INTO certificatilinguistici VALUES ('ron', 'A1');
INSERT INTO certificatilinguistici VALUES ('ron', 'A2');
INSERT INTO certificatilinguistici VALUES ('ron', 'B1');
INSERT INTO certificatilinguistici VALUES ('ron', 'B2');
INSERT INTO certificatilinguistici VALUES ('ron', 'C1');
INSERT INTO certificatilinguistici VALUES ('ron', 'C2');
INSERT INTO certificatilinguistici VALUES ('rus', 'A1');
INSERT INTO certificatilinguistici VALUES ('rus', 'A2');
INSERT INTO certificatilinguistici VALUES ('rus', 'B1');
INSERT INTO certificatilinguistici VALUES ('rus', 'B2');
INSERT INTO certificatilinguistici VALUES ('rus', 'C1');
INSERT INTO certificatilinguistici VALUES ('rus', 'C2');
INSERT INTO certificatilinguistici VALUES ('slk', 'A1');
INSERT INTO certificatilinguistici VALUES ('slk', 'A2');
INSERT INTO certificatilinguistici VALUES ('slk', 'B1');
INSERT INTO certificatilinguistici VALUES ('slk', 'B2');
INSERT INTO certificatilinguistici VALUES ('slk', 'C1');
INSERT INTO certificatilinguistici VALUES ('slk', 'C2');
INSERT INTO certificatilinguistici VALUES ('slv', 'A1');
INSERT INTO certificatilinguistici VALUES ('slv', 'A2');
INSERT INTO certificatilinguistici VALUES ('slv', 'B1');
INSERT INTO certificatilinguistici VALUES ('slv', 'B2');
INSERT INTO certificatilinguistici VALUES ('slv', 'C1');
INSERT INTO certificatilinguistici VALUES ('slv', 'C2');
INSERT INTO certificatilinguistici VALUES ('spa', 'A1');
INSERT INTO certificatilinguistici VALUES ('spa', 'A2');
INSERT INTO certificatilinguistici VALUES ('spa', 'B1');
INSERT INTO certificatilinguistici VALUES ('spa', 'B2');
INSERT INTO certificatilinguistici VALUES ('spa', 'C1');
INSERT INTO certificatilinguistici VALUES ('spa', 'C2');
INSERT INTO certificatilinguistici VALUES ('swe', 'A1');
INSERT INTO certificatilinguistici VALUES ('swe', 'A2');
INSERT INTO certificatilinguistici VALUES ('swe', 'B1');
INSERT INTO certificatilinguistici VALUES ('swe', 'B2');
INSERT INTO certificatilinguistici VALUES ('swe', 'C1');
INSERT INTO certificatilinguistici VALUES ('swe', 'C2');
INSERT INTO certificatilinguistici VALUES ('tur', 'A1');
INSERT INTO certificatilinguistici VALUES ('tur', 'A2');
INSERT INTO certificatilinguistici VALUES ('tur', 'B1');
INSERT INTO certificatilinguistici VALUES ('tur', 'B2');
INSERT INTO certificatilinguistici VALUES ('tur', 'C1');
INSERT INTO certificatilinguistici VALUES ('tur', 'C2');
INSERT INTO certificatilinguistici VALUES ('ukr', 'A1');
INSERT INTO certificatilinguistici VALUES ('ukr', 'A2');
INSERT INTO certificatilinguistici VALUES ('ukr', 'B1');
INSERT INTO certificatilinguistici VALUES ('ukr', 'B2');
INSERT INTO certificatilinguistici VALUES ('ukr', 'C1');
INSERT INTO certificatilinguistici VALUES ('ukr', 'C2');
INSERT INTO certificatilinguistici VALUES ('wln', 'A1');
INSERT INTO certificatilinguistici VALUES ('wln', 'A2');
INSERT INTO certificatilinguistici VALUES ('wln', 'B1');
INSERT INTO certificatilinguistici VALUES ('wln', 'B2');
INSERT INTO certificatilinguistici VALUES ('wln', 'C1');
INSERT INTO certificatilinguistici VALUES ('wln', 'C2');
INSERT INTO certificatilinguistici VALUES ('sqi', 'A1');
INSERT INTO certificatilinguistici VALUES ('sqi', 'A2');
INSERT INTO certificatilinguistici VALUES ('sqi', 'B1');
INSERT INTO certificatilinguistici VALUES ('sqi', 'B2');
INSERT INTO certificatilinguistici VALUES ('sqi', 'C1');
INSERT INTO certificatilinguistici VALUES ('sqi', 'C2');
INSERT INTO certificatilinguistici VALUES ('ara', 'A1');
INSERT INTO certificatilinguistici VALUES ('ara', 'A2');
INSERT INTO certificatilinguistici VALUES ('ara', 'B1');
INSERT INTO certificatilinguistici VALUES ('ara', 'B2');
INSERT INTO certificatilinguistici VALUES ('ara', 'C1');
INSERT INTO certificatilinguistici VALUES ('ara', 'C2');
INSERT INTO certificatilinguistici VALUES ('est', 'A1');
INSERT INTO certificatilinguistici VALUES ('est', 'A2');
INSERT INTO certificatilinguistici VALUES ('est', 'B1');
INSERT INTO certificatilinguistici VALUES ('est', 'B2');
INSERT INTO certificatilinguistici VALUES ('est', 'C1');
INSERT INTO certificatilinguistici VALUES ('est', 'C2');
INSERT INTO certificatilinguistici VALUES ('lav', 'A1');
INSERT INTO certificatilinguistici VALUES ('lav', 'A2');
INSERT INTO certificatilinguistici VALUES ('lav', 'B1');
INSERT INTO certificatilinguistici VALUES ('lav', 'B2');
INSERT INTO certificatilinguistici VALUES ('lav', 'C1');
INSERT INTO certificatilinguistici VALUES ('lav', 'C2');
INSERT INTO certificatilinguistici VALUES ('nor', 'A1');
INSERT INTO certificatilinguistici VALUES ('nor', 'A2');
INSERT INTO certificatilinguistici VALUES ('nor', 'B1');
INSERT INTO certificatilinguistici VALUES ('nor', 'B2');
INSERT INTO certificatilinguistici VALUES ('nor', 'C1');
INSERT INTO certificatilinguistici VALUES ('nor', 'C2');

-- fine fixed domain

--
-- Data for Name: citta; Type: TABLE DATA; Schema: public; Owner: mauro
--

INSERT INTO citta VALUES ('Paris', 'France');
INSERT INTO citta VALUES ('Copenhagen', 'Denmark');
INSERT INTO citta VALUES ('London', 'United Kingdom');
INSERT INTO citta VALUES ('Cambridge', 'United Kingdom');
INSERT INTO citta VALUES ('Berlin', 'Germany');
INSERT INTO citta VALUES ('Padua', 'Italy');
INSERT INTO citta VALUES ('Dublin', 'Ireland');
INSERT INTO citta VALUES ('Barcelona', 'Spain');
INSERT INTO citta VALUES ('Pisa', 'Italy');
INSERT INTO citta VALUES ('Bilbao', 'Spain');
INSERT INTO citta VALUES ('Bordeaux', 'France');
INSERT INTO citta VALUES ('Bucarest', 'Romania');
INSERT INTO citta VALUES ('Wien', 'Austria');
INSERT INTO citta VALUES ('Brussels', 'Belgium');
INSERT INTO citta VALUES ('Hamburg', 'Germany');
INSERT INTO citta VALUES ('Marinha grande', 'Portugal');
INSERT INTO citta VALUES ('Heraklion', 'Greece');
INSERT INTO citta VALUES ('Pierrefonds', 'France');
INSERT INTO citta VALUES ('Uppsala', 'Sweden');
INSERT INTO citta VALUES ('Apeldoorn', 'Nederland');
INSERT INTO citta VALUES ('Oslo ', 'Norge');
INSERT INTO citta VALUES ('Triesen', 'Liechtenstein');
INSERT INTO citta VALUES ('Nicosia', 'Cyprus');
INSERT INTO citta VALUES ('Riga', 'Latvia');
INSERT INTO citta VALUES ('Praha', 'Czech Republic');
INSERT INTO citta VALUES ('Ljubljana', 'Slovenia');
INSERT INTO citta VALUES ('Sinop', 'Turkey');
INSERT INTO citta VALUES ('Rovaniemi', 'Finland');
INSERT INTO citta VALUES ('Hamrun', 'Malta');
INSERT INTO citta VALUES ('Budapest', 'Hungary');
INSERT INTO citta VALUES ('Salford', 'United Kingdom');
INSERT INTO citta VALUES ('Bruxelles', 'Belgium');
INSERT INTO citta VALUES ('Warszawa', 'Poland');
INSERT INTO citta VALUES ('Zagreb', 'Croatia');
INSERT INTO citta VALUES ('Sofia', 'Bulgaria');
INSERT INTO citta VALUES ('Bremen', 'Germany');
INSERT INTO citta VALUES ('Liege', 'Belgium');
INSERT INTO citta VALUES ('Weimar', 'Germany');
INSERT INTO citta VALUES ('Las Palmas de Gran Canaria', 'Spain');
INSERT INTO citta VALUES ('Craiova', 'Romania');
INSERT INTO citta VALUES ('Extremadura', 'Spain');

--
-- Data for Name: universita; Type: TABLE DATA; Schema: public; Owner: mauro
--

INSERT INTO universita VALUES ('Universitat de Barcelona', 'http://www.ub.edu/uri/estudiantsNOUB/nie_en.htm', 4, false, 'Barcelona', 'Spain');
INSERT INTO universita VALUES ('Dublin Institute of Technology- Main Site', 'http://www.dit.ie/', 45, true, 'Dublin', 'Ireland');
INSERT INTO universita VALUES ('University of Cambridge', 'http://www.cam.ac.uk', 1, true, 'Cambridge', 'United Kingdom');
INSERT INTO universita VALUES ('Università degli Studi di Pisa', 'http://www.unipi.it', 1, true, 'Pisa', 'Italy');
INSERT INTO universita VALUES ('Universite Paris Descartes - UFR Mathematiques et Informatique', 'https://www.univ-paris5.fr/INTERNATIONAL/Venir-a-Paris-Descartes/Etudiants-en-programmes-d-echanges/Erasmus', 39, true, 'Paris', 'France');
INSERT INTO universita VALUES ('Universite Jean Monnet', 'http://portail.univ-st-etienne.fr/bienvenue/international/etudiant-etranger-293679.kjsp?RH=ACCUEIL', 90, true, 'Paris', 'France');
INSERT INTO universita VALUES ('Institut Polytechnique de Bordeaux', 'http://www.enseirb-matmeca.fr/international/student', 87, true, 'Bordeaux', 'France');
INSERT INTO universita VALUES ('Universita degli Studi di Padova', 'http://www.unipd.it', 200, false, 'Padua', 'Italy');
INSERT INTO universita VALUES ('Universitaet Bremen', 'http://www.uni-bremen.de/', 4, true, 'Bremen', 'Germany');
INSERT INTO universita VALUES ('Universite de Liege', 'http://www.ulg.ac.be/', 34, true, 'Liege', 'Belgium');
INSERT INTO universita VALUES ('Technische Universitat Hamburg', 'http://www.tuhh.de/', 77, true, 'Hamburg', 'Germany');
INSERT INTO universita VALUES ('Hochschule fur Angewandte Wissenschaften Hamburg', 'http://www.haw-hamburg.de', 34, true, 'Hamburg', 'Germany');
INSERT INTO universita VALUES ('Bauhaus - Universitat Weimar', 'http://www.uni-weimar.de/', 179, true, 'Weimar', 'Germany');
INSERT INTO universita VALUES ('Universidad Polit.de Catalunya', 'http://www.upc.edu', 167, true, 'Barcelona', 'Spain');
INSERT INTO universita VALUES ('Universidad de Las Palmas de Gran Canaria', 'https://www.ulpgc.es', 178, true, 'Las Palmas de Gran Canaria', 'Spain');
INSERT INTO universita VALUES ('Universitatea din Craiova', 'http://www.ucv.ro/', 210, true, 'Craiova', 'Romania');
INSERT INTO universita VALUES ('Universidad de Extremadura', 'http://www.unex.es/', 300, true, 'Extremadura', 'Spain');
INSERT INTO universita VALUES ('Danmarks Tekniske Universitet', 'http://www.dtu.dk/', 12, true, 'Copenhagen', 'Denmark');


--
-- Data for Name: argomentotesi; Type: TABLE DATA; Schema: public; Owner: mauro
--

INSERT INTO argomentotesi VALUES (1, 'Random Access Memories', 'Universitatea din Craiova', false, true, 'NOT VERIFIED');
INSERT INTO argomentotesi VALUES (2, 'Beyond The Walls - X Rays Application', 'Universitatea din Craiova', false, true, 'REPORTED');
INSERT INTO argomentotesi VALUES (3, 'Retail The Project', 'Universitatea din Craiova', true, false, 'NOT VERIFIED');
INSERT INTO argomentotesi VALUES (4, 'Face Recognition - Applications Deployment', 'Danmarks Tekniske Universitet', false, true, 'VERIFIED');


--
-- Name: argomentotesi_id_seq; Type: SEQUENCE SET; Schema: public; Owner: mauro
--

SELECT pg_catalog.setval('argomentotesi_id_seq', 4, true);


--
-- Data for Name: coordinatore; Type: TABLE DATA; Schema: public; Owner: mauro
--

INSERT INTO coordinatore VALUES ('coord', 'coord@gmail.com', '2014-09-06', 'b1qB0i66ijSp+eT7TDZsgqCTH7CUS1JgaQFPX6BgBgI=', '3370569174227616593', '2014-09-06', true, 'Universita degli Studi di Padova');


--
-- Data for Name: corsodilaurea; Type: TABLE DATA; Schema: public; Owner: mauro
--

INSERT INTO corsodilaurea VALUES (6, 'Automata Controls', 'GRADUATE', 'Institut Polytechnique de Bordeaux');
INSERT INTO corsodilaurea VALUES (7, 'TELECOMUNICATIONS ENGINEERING', 'GRADUATE', 'Institut Polytechnique de Bordeaux');
INSERT INTO corsodilaurea VALUES (8, 'AUTOMATION ENGINEERING', 'GRADUATE', 'Institut Polytechnique de Bordeaux');
INSERT INTO corsodilaurea VALUES (1, 'INGEGNERIA INFORMATICA', 'GRADUATE', 'Universita degli Studi di Padova');
INSERT INTO corsodilaurea VALUES (2, 'INGEGNERIA DELLE TELECOMUNICAZIONI', 'GRADUATE', 'Universita degli Studi di Padova');
INSERT INTO corsodilaurea VALUES (3, 'INGEGNERIA ELETTRONICA', 'GRADUATE', 'Universita degli Studi di Padova');
INSERT INTO corsodilaurea VALUES (4, 'INGEGNERIA AEROSPAZIALE', 'GRADUATE', 'Universita degli Studi di Padova');
INSERT INTO corsodilaurea VALUES (5, 'INGEGNERIA ELETTRICA', 'UNDERGRADUATE', 'Universita degli Studi di Padova');
INSERT INTO corsodilaurea VALUES (9, 'INGEGNERIA ENERGETICA', 'GRADUATE', 'Universita degli Studi di Padova');
INSERT INTO corsodilaurea VALUES (10, 'ENVIRONMENTAL ENGINEERING', 'GRADUATE', 'Universita degli Studi di Padova');
INSERT INTO corsodilaurea VALUES (11, 'INGEGNERIA L''AMBIENTE E IL TERRITORIO', 'GRADUATE', 'Universita degli Studi di Padova');
INSERT INTO corsodilaurea VALUES (13, 'INGEGNERIA DEI MATERIALI', 'GRADUATE', 'Universita degli Studi di Padova');
INSERT INTO corsodilaurea VALUES (14, 'INGEGNERIA INNOVAZIONE  DEL PRODOTTO', 'GRADUATE', 'Universita degli Studi di Padova');
INSERT INTO corsodilaurea VALUES (15, 'INGEGNERIA MECCANICA', 'GRADUATE', 'Universita degli Studi di Padova');
INSERT INTO corsodilaurea VALUES (16, 'INGEGNERIA DELL''INNOVAZIONE', 'GRADUATE', 'Universita degli Studi di Padova');
INSERT INTO corsodilaurea VALUES (17, 'INGEGNERIA GESTIONALE', 'GRADUATE', 'Universita degli Studi di Padova');
INSERT INTO corsodilaurea VALUES (18, 'INGEGNERIA MECCATRONICA', 'GRADUATE', 'Universita degli Studi di Padova');
INSERT INTO corsodilaurea VALUES (19, 'INGEGNERIA DEI PROCESSI INDUSTRIALI', 'GRADUATE', 'Universita degli Studi di Padova');
INSERT INTO corsodilaurea VALUES (20, 'INGEGNERIA CHIMICA', 'GRADUATE', 'Universita degli Studi di Padova');
INSERT INTO corsodilaurea VALUES (21, 'INGEGNERIA DEL PRODOTTO', 'GRADUATE', 'Universita degli Studi di Padova');


--
-- Name: corsodilaurea_id_seq; Type: SEQUENCE SET; Schema: public; Owner: mauro
--

SELECT pg_catalog.setval('corsodilaurea_id_seq', 21, true);


--
-- Data for Name: responsabileflusso; Type: TABLE DATA; Schema: public; Owner: mauro
--

INSERT INTO responsabileflusso VALUES ('valcher', 'Maria', 'Valcher', 'valcher@unipd.it', '2014-09-07', 'YGJqvqLXQZ1+w91QjRjTqftAUuTOIqF7ANoSqsInW9s=', '-297959548102430107', '2014-09-07', true, true, 'Universita degli Studi di Padova');
INSERT INTO responsabileflusso VALUES ('Mike', 'Michele', 'Santiapostoli', 'michele@unipd.it', '2014-09-06', 'CZlXeOhbvS1N6/kBYxwzl9sHEkQ4s4HgqP1meX0erww=', '969306631910606608', '2014-09-07', true, true, 'Universita degli Studi di Padova');
INSERT INTO responsabileflusso VALUES ('badia', 'Leonardo', 'Badia', 'badia@unipd.it', '2014-09-07', 'NvewDLOrLNpYPfX0sFB3QCgKwmggNo1ee/NtXCU3TZE=', '656466324680896988', '2014-09-07', true, true, 'Universita degli Studi di Padova');
INSERT INTO responsabileflusso VALUES ('congiu', 'Sergio', 'Congiu', 'congiu@unipd.it', '2014-09-07', '1begA1K3JTLn6cHQnkC/E3oXiIMM9/y5QwRIq3AiW8Q=', '-6152556168426824316', '2014-09-07', true, true, 'Universita degli Studi di Padova');
INSERT INTO responsabileflusso VALUES ('bertucco', 'Alberto', 'Bertucco', 'bertucco@unipd.it', '2014-09-07', 'louElwm68hhX0f91g0YRLxz3p59IXd+YozA9X5E4wGg=', '1190512876809824691', '2014-09-07', true, true, 'Universita degli Studi di Padova');
INSERT INTO responsabileflusso VALUES ('bonollo', 'Franco', 'Bonollo', 'bonollo@unipd.it', '2014-09-07', 'vZaylLdP1bkEwdH/IzX/tC0BtcRHyB5yIIULgv6M5To=', '-2780179239374394595', '2014-09-07', true, true, 'Universita degli Studi di Padova');
INSERT INTO responsabileflusso VALUES ('martucci', 'Alessandro', 'Martucci', 'martucci@unipd.it', '2014-09-07', 'YNCpOPWVPBSYjJgF6l16jT3m5JfC3vwhWFirBaDAy8w=', '7875509400582244724', '2014-09-07', true, true, 'Universita degli Studi di Padova');
INSERT INTO responsabileflusso VALUES ('pavesi', 'Giorgio', 'Pavesi', 'pavesi@unipd.it', '2014-09-07', '73FlxwN4NTDK1hF+uTQEbu3sklvmDtxOIQUEbd7m8rg=', '-2841459536195763083', '2014-09-07', true, true, 'Universita degli Studi di Padova');
INSERT INTO responsabileflusso VALUES ('responsabile', 'del', 'Responsabile', 'responsabile@unipd.it', '2014-09-07', 'CcgzyF3wZHhGZ/x3M7XCdWMLX8zI7Frrim2ZLTpKbWg=', '3002262059330817338', '2014-09-07', true, true, 'Universita degli Studi di Padova');
INSERT INTO responsabileflusso VALUES ('calliari', 'Irene', 'Calliari', 'calliari@unipd.it', '2014-09-07', 'Q1U4bHMdjvVcZMThMaQn+6peJvSs8a4b3K7AFxJ22Ek=', '3484053928718915416', '2014-09-07', true, true, 'Universita degli Studi di Padova');
INSERT INTO responsabileflusso VALUES ('raga', 'Roberto', 'Raga', 'raga@unipd.it', '2014-09-07', 'JMyEI4bPX894fAF54fLKFl4/B64CifN8IORYsyqs5DI=', '4502163598157769595', '2014-09-07', true, true, 'Universita degli Studi di Padova');
INSERT INTO responsabileflusso VALUES ('trevisani', 'Alberto', 'Trevisani', 'trevisani@unipd.it', '2014-09-07', 'P6ZddfIz7y4d5ddKLY0j9Ogii8uXqmSm7Ho13MxHnjk=', '6144917842222657313', '2014-09-07', true, true, 'Universita degli Studi di Padova');
INSERT INTO responsabileflusso VALUES ('ruol', 'Piero', 'Ruol', 'ruol@unipd.it', '2014-09-07', 's73fv2koq/1xl6n9R51vKhEpsvU8ykbDP7mNIo0kwdg=', '-2899627858635456906', '2014-09-07', true, true, 'Universita degli Studi di Padova');
INSERT INTO responsabileflusso VALUES ('lavagnolo', 'Maria', 'Lavagnolo', 'lavagnolo@unipd.it', '2014-09-07', '2+k393UzhdpjOdAQGzVopp4GahiffuWuchKmjyOEG9c=', '-3002177479559005446', '2014-09-07', true, true, 'Universita degli Studi di Padova');
INSERT INTO responsabileflusso VALUES ('simonini', 'Paolo', 'Simonini', 'simonini@unipd.it', '2014-09-07', 'OhNrVWLSPAx5A02aSgZq4kcDdY4UP9aR5ZDR2ulxLt0=', '-7678689305462894343', '2014-09-07', true, true, 'Universita degli Studi di Padova');
INSERT INTO responsabileflusso VALUES ('giordano', 'Andrea', 'Giordano', 'giordano@unipd.it', '2014-09-07', 'CHuAfKztEdlCpoMbxIBxfn36/YblFn3nKNk95nagS+s=', '-8365154925986886065', '2014-09-07', true, true, 'Universita degli Studi di Padova');
INSERT INTO responsabileflusso VALUES ('narne', 'Edoardo', 'Narne', 'narne@unipd.it', '2014-09-07', 'gzp6M9uYvy6vHY9wu7U61AwwknqjRV5Wx9WRXwuFmLU=', '8041966896767488420', '2014-09-07', true, true, 'Universita degli Studi di Padova');
INSERT INTO responsabileflusso VALUES ('fornasini', 'Ettore', 'Fornasini', 'fornasini@unipd.it', '2014-09-07', 'v2Oz+652E70XmezHomvUHo2ns1D21bbsPFbpIGJdkl8=', '-6512076091169881457', '2014-09-07', true, true, 'Universita degli Studi di Padova');
INSERT INTO responsabileflusso VALUES ('palmieri', 'Luca', 'Palmieri', 'palmieri@unipd.it', '2014-09-07', 'DFuiMYyBBPAbWXE6hxWoFarxqj8abjHTuq5l+DTcG8I=', '1564276786581566114', '2014-09-07', true, true, 'Universita degli Studi di Padova');
INSERT INTO responsabileflusso VALUES ('moro', 'Michele', 'Moro', 'moro@unipd.it', '2014-09-07', '+sTcc0BWoZuif+mOGVj7dJyB35EAN17Ql5RK5fo/SgY=', '-6094072525192891183', '2014-09-07', true, true, 'Universita degli Studi di Padova');
INSERT INTO responsabileflusso VALUES ('desideri', 'Daniele', 'Desideri', 'desideri@unipd.it', '2014-09-07', 'dnBt/m23Xpo9Zyb7JKyY69SA8CQhc7MfcuBRlGkpHkQ=', '-7392059360560241543', '2014-09-07', true, true, 'Universita degli Studi di Padova');
INSERT INTO responsabileflusso VALUES ('bezzo', 'Fabrizio', 'Bezzo', 'bezzo@unipd.it', '2014-09-07', 'oCxZQbTvb96i6WlpBJduAusLQULkc4sOv0KwXE+peys=', '3827897805823066426', '2014-09-07', true, true, 'Universita degli Studi di Padova');
INSERT INTO responsabileflusso VALUES ('fiorentin', 'Pietro', 'Fiorentin', 'fiorentin@unipd.it', '2014-09-07', '3OaEHuEiX7nzrL157Ng8eS0J/s3U8iAOnSaFRX7sgDE=', '6331958396872879988', '2014-09-07', true, true, 'Universita degli Studi di Padova');
INSERT INTO responsabileflusso VALUES ('bariani', 'Paolo', 'Bariani', 'bariani@unipd.it', '2014-09-07', '0t4Gk8W+i9p685Ux7OJWoaEaIkkOWVGRPBo98akkpvQ=', '6511609824161568877', '2014-09-07', true, true, 'Universita degli Studi di Padova');
INSERT INTO responsabileflusso VALUES ('zorzi', 'Michele', 'Zorzi', 'zorzi@unipd.it', '2014-09-07', 'e8yxRV7iiOeiVLJ7OCXOaPibxPxYPdnwyXB+7bEyOY8=', '930914104386639301', '2014-09-07', true, true, 'Universita degli Studi di Padova');
INSERT INTO responsabileflusso VALUES ('carrubba', 'Paolo', 'Carrubba', 'carrubba@unipd.it', '2014-09-07', 'O9i4qU6V06JbK5DNRIIIlUefzmoDRTzJqqQLVodhC9c=', '-8502107821666526611', '2014-09-07', true, true, 'Universita degli Studi di Padova');
INSERT INTO responsabileflusso VALUES ('panizzolo', 'Roberto', 'Panizzolo', 'panizzolo@unipd.it', '2014-09-07', 'QHMsi3MDSETG8U2B1UNT6/Vgg4yjbKsRHaNVjgZptdg=', '6953143078813044691', '2014-09-07', true, true, 'Universita degli Studi di Padova');
INSERT INTO responsabileflusso VALUES ('zaccariotto', 'Mirco', 'Zaccariotto', 'zaccariotto@unipd.it', '2014-09-07', 'oe0gKNjy4krWLtWBc+g0G33j+flOGU1/C4GdfF7EP3k=', '-4932844887789292991', '2014-09-07', true, true, 'Universita degli Studi di Padova');
INSERT INTO responsabileflusso VALUES ('doria', 'Alberto', 'Doria', 'doria@unipd.it', '2014-09-07', 'rsXG/WS+DHXsN4/bXZRSFaN0q9pZUH0RL5jM+EPi2a8=', '-8224049246318817337', '2014-09-07', true, true, 'Universita degli Studi di Padova');
INSERT INTO responsabileflusso VALUES ('oboe', 'Roberto', 'Oboe', 'oboe@unipd.it', '2014-09-07', '63sbTfED3CRJAtfT0NwzhPpV42rCA8Q2VQqMjmQIf1E=', '-747018412194919362', '2014-09-07', true, true, 'Universita degli Studi di Padova');
INSERT INTO responsabileflusso VALUES ('maschio', 'Alvise', 'Maschio', 'maschio@unipd.it', '2014-09-07', '6nXZINNk0B/JUM8ekV3UE1gWGfy2u5zN5ytw/ZGOT1w=', '1133876334942873364', '2014-09-07', true, true, 'Universita degli Studi di Padova');
INSERT INTO responsabileflusso VALUES ('rossi', 'Riccardo', 'Rossi', 'rossi@unipd.it', '2014-09-07', 'ZHTSvEbfRePKs2XZGczn32I5CwUwcQMrsQlKBl2lbnw=', '8648855438166086488', '2014-09-07', true, true, 'Universita degli Studi di Padova');
INSERT INTO responsabileflusso VALUES ('defina', 'Andrea', 'Defina', 'defina@unipd.it', '2014-09-07', 'LO4Fwim7uKAsMOhW75VZeYbx5BH3Ezi8gS79ZyONv4Q=', '-45296592060576288', '2014-09-07', true, true, 'Universita degli Studi di Padova');
INSERT INTO responsabileflusso VALUES ('zanoni', 'Enrico', 'Zanoni', 'zanoni@unipd.it', '2014-09-07', 'suosWYkbopQOBCYkJwd91+9M2b7tgEZZ0jEmVenadE4=', '8737262314489014046', '2014-09-07', true, true, 'Universita degli Studi di Padova');
INSERT INTO responsabileflusso VALUES ('pesavento', 'Francesco', 'Pesavento', 'pesavento@unipd.it', '2014-09-07', 'iodRlTprDLfz5PDt2MoMVjPstjQtwpuN5uBJSFzMlio=', '-3096124616448643861', '2014-09-07', true, true, 'Universita degli Studi di Padova');
INSERT INTO responsabileflusso VALUES ('canu', 'Paolo', 'Canu', 'canu@unipd.it', '2014-09-07', 'MC033VfhR4cPbZYdK7k+WQ9linQH4DIvKKrwwx5G9sc=', '-5713900791815724011', '2014-09-07', true, true, 'Universita degli Studi di Padova');
INSERT INTO responsabileflusso VALUES ('pavarin', 'Daniele', 'Pavarin', 'pavarin@unipd.it', '2014-09-07', 'Q7RzIE13PXnKoa76zdC6NmI+vjU3em5SjzX/Ew84jdg=', '-3489311594100700107', '2014-09-07', true, true, 'Universita degli Studi di Padova');
INSERT INTO responsabileflusso VALUES ('lazzaretto', 'Andrea', 'Lazzaretto', 'lazzaretto@unipd.it', '2014-09-07', 'a6VLGiJH5JGrQuuWibzMP+yxVBTPrEL37EPgJFjmDjU=', '-962370387286602719', '2014-09-07', true, true, 'Universita degli Studi di Padova');
INSERT INTO responsabileflusso VALUES ('galvanetto', 'Ugo', 'Galvanetto', 'galvanetto@unipd.it', '2014-09-07', 'uyznE6urke35N86o1hsMBQa2f+YhKhwueiwtNnowkHQ=', '-4690312779783578203', '2014-09-07', true, true, 'Universita degli Studi di Padova');
INSERT INTO responsabileflusso VALUES ('ruggeri', 'Alfredo', 'Ruggeri', 'ruggeri@unipd.it', '2014-09-07', 'Lw87fLIvGx9qtNyjd7sL/gRMKaVX+mMwfTwVa4963j0=', '-8905688705432201455', '2014-09-07', true, true, 'Universita degli Studi di Padova');
INSERT INTO responsabileflusso VALUES ('simoni', 'Luciano', 'Simoni', 'simoni@unipd.it', '2014-09-07', 'xR48ywunyTLjdXOyDHDMJs93cIYCTFTg0BrGu26V2E8=', '-3558853476673898480', '2014-09-07', true, true, 'Universita degli Studi di Padova');
INSERT INTO responsabileflusso VALUES ('quaresimin', 'Marino', 'Quaresimin', 'quaresimin@unipd.it', '2014-09-07', 'yeJ87eVDlhDrU9863CdJOzSNBnX6M21ZvyKHm/WvDrM=', '-491781184431775874', '2014-09-07', true, true, 'Universita degli Studi di Padova');
INSERT INTO responsabileflusso VALUES ('cossu', 'Raffaello', 'Cossu', 'cossu@unipd.it', '2014-09-07', '+uG5Au2sG/F53Npvj0HUaaSOsrBfe477w6SBsey4OP8=', '2416493067110512856', '2014-09-07', true, true, 'Universita degli Studi di Padova');


--
-- Data for Name: flusso; Type: TABLE DATA; Schema: public; Owner: mauro
--

INSERT INTO flusso VALUES ('F-ST-ETIE01', 'Universite Jean Monnet', 'Mike', 2, true, '2014-09-06', 6, '');
INSERT INTO flusso VALUES ('BORDEAU54', 'Institut Polytechnique de Bordeaux', 'Mike', 3, true, '2014-09-06', 12, '');
INSERT INTO flusso VALUES ('BREMEN01', 'Universitaet Bremen', 'cossu', 2, true, '2014-09-07', 6, '');
INSERT INTO flusso VALUES ('LIEGE01', 'Universitaet Bremen', 'cossu', 3, true, '2014-09-07', 6, '');
INSERT INTO flusso VALUES ('HAMBURG03', 'Technische Universitat Hamburg', 'quaresimin', 3, true, '2014-09-07', 6, '');
INSERT INTO flusso VALUES ('HAMBURG06', 'Hochschule fur Angewandte Wissenschaften Hamburg', 'cossu', 3, true, '2014-09-07', 6, '');
INSERT INTO flusso VALUES ('WEIMAR01', 'Bauhaus - Universitat Weimar', 'cossu', 3, true, '2014-09-07', 6, '');
INSERT INTO flusso VALUES ('BARCELO03', 'Universidad Polit.de Catalunya', 'valcher', 3, true, '2014-09-07', 6, '');
INSERT INTO flusso VALUES ('LAS-PAL01', 'Universidad de Las Palmas de Gran Canaria', 'valcher', 3, true, '2014-09-07', 6, '');
INSERT INTO flusso VALUES ('CRAIOVA01', 'Universitatea din Craiova', 'Mike', 3, true, '2014-09-07', 6, '');
INSERT INTO flusso VALUES ('BADAJOZ01', 'Universidad de Extremadura', 'valcher', 2, true, '2014-09-07', 6, '');
INSERT INTO flusso VALUES ('BARCELO04', 'Universitat de Barcelona', 'valcher', 4, true, '2014-09-07', 6, '');
INSERT INTO flusso VALUES ('CAM001', 'University of Cambridge', 'cossu', 1, true, '2014-09-07', 6, '');
INSERT INTO flusso VALUES ('LIEGE010', 'Universite de Liege', 'Mike', 2, true, '2014-09-07', 6, '');
INSERT INTO flusso VALUES ('COP002', 'Danmarks Tekniske Universitet', 'Mike', 3, true, '2014-09-07', 6, '');


--
-- Data for Name: documentazione; Type: TABLE DATA; Schema: public; Owner: mauro
--

INSERT INTO documentazione VALUES ('F-ST-ETIE01', 'eng', 'B1');
INSERT INTO documentazione VALUES ('F-ST-ETIE01', 'fra', 'B1');
INSERT INTO documentazione VALUES ('BORDEAU54', 'eng', 'B2');
INSERT INTO documentazione VALUES ('BORDEAU54', 'fra', 'B1');
INSERT INTO documentazione VALUES ('BREMEN01', 'deu', 'B2');
INSERT INTO documentazione VALUES ('LIEGE01', 'deu', 'B2');
INSERT INTO documentazione VALUES ('HAMBURG03', 'deu', 'A1');
INSERT INTO documentazione VALUES ('HAMBURG06', 'deu', 'A2');
INSERT INTO documentazione VALUES ('WEIMAR01', 'deu', 'C2');
INSERT INTO documentazione VALUES ('WEIMAR01', 'eng', 'B1');
INSERT INTO documentazione VALUES ('BARCELO03', 'spa', 'B1');
INSERT INTO documentazione VALUES ('LAS-PAL01', 'spa', 'B1');
INSERT INTO documentazione VALUES ('CRAIOVA01', 'eng', 'B2');
INSERT INTO documentazione VALUES ('BADAJOZ01', 'eng', 'B2');
INSERT INTO documentazione VALUES ('BARCELO04', 'eng', 'A1');
INSERT INTO documentazione VALUES ('CAM001', 'eng', 'C1');
INSERT INTO documentazione VALUES ('LIEGE010', 'eng', 'B2');
INSERT INTO documentazione VALUES ('COP002', 'eng', 'B2');


--
-- Data for Name: estensione; Type: TABLE DATA; Schema: public; Owner: mauro
--

INSERT INTO estensione VALUES (1, 'Electronics and automation');
INSERT INTO estensione VALUES (2, 'Software and applications development and analysis');
INSERT INTO estensione VALUES (3, 'Education science');
INSERT INTO estensione VALUES (4, 'Computer use');
INSERT INTO estensione VALUES (4, 'Software and applications development and analysis');


--
-- Data for Name: professore; Type: TABLE DATA; Schema: public; Owner: mauro
--

INSERT INTO professore VALUES (1, 'Leonard', 'Benchmark');
INSERT INTO professore VALUES (2, 'Andrew', 'Thirsty');
INSERT INTO professore VALUES (3, 'Sael', 'Rementarinof');
INSERT INTO professore VALUES (4, 'Markov', 'Rachmaninov');
INSERT INTO professore VALUES (5, 'Laryer', 'Latvaka');
INSERT INTO professore VALUES (6, 'Romani', 'Setrumi');
INSERT INTO professore VALUES (7, 'Robert', 'Stark');
INSERT INTO professore VALUES (8, 'Clarissa', 'Hayef');
INSERT INTO professore VALUES (9, 'Proximo', 'Centauri');
INSERT INTO professore VALUES (10, 'Major', 'Orsew');
INSERT INTO professore VALUES (11, 'Nikolai', 'Oltrepaski');
INSERT INTO professore VALUES (12, 'Doner', 'Knut');
INSERT INTO professore VALUES (13, 'Larry', 'Bird');
INSERT INTO professore VALUES (14, 'Jack', 'Daniels');
INSERT INTO professore VALUES (15, 'Micheal', 'Norton');
INSERT INTO professore VALUES (16, 'Ronnie', 'Coleman');
INSERT INTO professore VALUES (17, 'Morgana', 'Freeman');
INSERT INTO professore VALUES (18, 'Larry', 'Page');
INSERT INTO professore VALUES (19, 'Harrison', 'Ford');


--
-- Data for Name: gestione; Type: TABLE DATA; Schema: public; Owner: mauro
--

INSERT INTO gestione VALUES (1, 2);
INSERT INTO gestione VALUES (2, 9);
INSERT INTO gestione VALUES (2, 10);
INSERT INTO gestione VALUES (3, 11);
INSERT INTO gestione VALUES (4, 14);
INSERT INTO gestione VALUES (4, 15);

--
-- Data for Name: insegnamento; Type: TABLE DATA; Schema: public; Owner: mauro
--

INSERT INTO insegnamento VALUES (1, 'Game Theory', 12, 'Universitatea din Craiova', 2, 'NOT VERIFIED', 2, 'Mathematics', 'eng');
INSERT INTO insegnamento VALUES (2, 'Visual and 3D Programming', 12, 'Universitatea din Craiova', 1, 'NOT VERIFIED', 2, 'Software and applications development and analysis', 'eng');
INSERT INTO insegnamento VALUES (3, 'SQL Advanced Features', 9, 'Universitatea din Craiova', 2, 'NOT VERIFIED', 1, 'Computer use', 'eng');
INSERT INTO insegnamento VALUES (4, 'Lord of the SQL', 12, 'Universitatea din Craiova', 2, 'REPORTED', 2, 'Personal skills and development', 'ara');
INSERT INTO insegnamento VALUES (5, 'Romania portami via!', 1, 'Universitatea din Craiova', 2, 'REPORTED', 1, 'Computer use', 'eus');
INSERT INTO insegnamento VALUES (6, 'Advanced 3D Visual Programming', 9, 'Danmarks Tekniske Universitet', 2, 'VERIFIED', 2, 'Computer use', 'eng');
INSERT INTO insegnamento VALUES (7, 'Visual Analytics', 12, 'Danmarks Tekniske Universitet', 1, 'VERIFIED', 2, 'Database and network design and administration', 'dan');
INSERT INTO insegnamento VALUES (8, 'Data and Algorithms - Advanced Skills', 12, 'Danmarks Tekniske Universitet', 1, 'NOT VERIFIED', 1, 'Computer use', 'eng');
INSERT INTO insegnamento VALUES (9, 'Nanostructure Deployment', 12, 'Danmarks Tekniske Universitet', 1, 'NOT VERIFIED', 2, 'Database and network design and administration', 'eng');
INSERT INTO insegnamento VALUES (10, 'Natural Tomcat Deployment', 12, 'Danmarks Tekniske Universitet', 2, 'NOT VERIFIED', 1, 'Computer use', 'eng');


--
-- Name: insegnamento_id_seq; Type: SEQUENCE SET; Schema: public; Owner: mauro
--

SELECT pg_catalog.setval('insegnamento_id_seq', 10, true);


--
-- Data for Name: studente; Type: TABLE DATA; Schema: public; Owner: mauro
--

INSERT INTO studente VALUES ('mauro', 'mauro@studenti.unipd.it', '2014-09-07', 'lGlFPQw8ogl3VDNwYoJxmIvwkjTR8Uzm/X1Q4YY54QU=', '8892370224396379057', '2014-09-07', true);
INSERT INTO studente VALUES ('marco', 'marco@gmail.com', '2014-09-07', 'sn7NGXz8ACxo3YropvPPCmV0oLxH4bgTwYYCRrasQmE=', '-4465499280437330966', '2014-09-07', true);
INSERT INTO studente VALUES ('marcoSAN', 'marco.chiocciola@studenti.unipd.it', '2014-09-07', 'kZOteKapW/WhNCWFN7m8lxDYJKy3QjmR+Fey3BO2zpw=', '6965281517006241239', '2014-09-07', true);
INSERT INTO studente VALUES ('alessandro_magno', 'alessandro@studenti.unipd.it', '2014-09-07', 'kZOteKapW/WhNCWFN7m8lxDYJKy3QjmR+Fey3BO2zpw=', '6965281517006241239', '2014-09-07', true);
INSERT INTO studente VALUES ('sarah', 'sarah.vimini@studenti.unipd.it', '2014-09-07', 'kZOteKapW/WhNCWFN7m8lxDYJKy3QjmR+Fey3BO2zpw=', '6965281517006241239', '2014-09-07', true);
INSERT INTO studente VALUES ('pamela', 'pamela.croata@studenti.unipd.it', '2014-09-07', 'kZOteKapW/WhNCWFN7m8lxDYJKy3QjmR+Fey3BO2zpw=', '6965281517006241239', '2014-09-07', true);
INSERT INTO studente VALUES ('fede', 'federica@studenti.unipd.it', '2014-09-07', 'kZOteKapW/WhNCWFN7m8lxDYJKy3QjmR+Fey3BO2zpw=', '6965281517006241239', '2014-09-07', true);
INSERT INTO studente VALUES ('nancy89', 'nancy@studenti.unipd.it', '2014-09-07', 'kZOteKapW/WhNCWFN7m8lxDYJKy3QjmR+Fey3BO2zpw=', '6965281517006241239', '2014-09-07', true);
INSERT INTO studente VALUES ('mark34', 'marco.franchigiano@studenti.unipd.it', '2014-09-07', 'kZOteKapW/WhNCWFN7m8lxDYJKy3QjmR+Fey3BO2zpw=', '6965281517006241239', '2014-09-07', true);
INSERT INTO studente VALUES ('pier', 'pier@studenti.unipd.it', '2014-09-07', 'kZOteKapW/WhNCWFN7m8lxDYJKy3QjmR+Fey3BO2zpw=', '6965281517006241239', '2014-09-07', true);
INSERT INTO studente VALUES ('ale33', 'alessandro.magagna@studenti.unipd.it', '2014-09-07', 'kZOteKapW/WhNCWFN7m8lxDYJKy3QjmR+Fey3BO2zpw=', '6965281517006241239', '2014-09-07', true);
INSERT INTO studente VALUES ('fien', 'filocorsaro.enzo@studenti.unipd.it', '2014-09-07', 'kZOteKapW/WhNCWFN7m8lxDYJKy3QjmR+Fey3BO2zpw=', '6965281517006241239', '2014-09-07', true);
INSERT INTO studente VALUES ('pastro', 'paola.stromboli@studenti.unipd.it', '2014-09-07', 'kZOteKapW/WhNCWFN7m8lxDYJKy3QjmR+Fey3BO2zpw=', '6965281517006241239', '2014-09-07', true);
INSERT INTO studente VALUES ('mcfly2011', 'matteo.volo@studenti.unipd.it', '2014-09-07', 'kZOteKapW/WhNCWFN7m8lxDYJKy3QjmR+Fey3BO2zpw=', '6965281517006241239', '2014-09-07', true);
INSERT INTO studente VALUES ('sentence66', 'gianni.silvestri@studenti.unipd.it', '2014-09-07', 'kZOteKapW/WhNCWFN7m8lxDYJKy3QjmR+Fey3BO2zpw=', '6965281517006241239', '2014-09-07', true);
INSERT INTO studente VALUES ('heinsenberg', 'valter.bianco@studenti.unipd.it', '2014-09-07', 'kZOteKapW/WhNCWFN7m8lxDYJKy3QjmR+Fey3BO2zpw=', '6965281517006241239', '2014-09-07', true);
INSERT INTO studente VALUES ('chris', 'chris@studenti.unipd.it', '2014-09-07', 'kZOteKapW/WhNCWFN7m8lxDYJKy3QjmR+Fey3BO2zpw=', '6965281517006241239', '2014-09-07', true);
INSERT INTO studente VALUES ('nope', 'gianmatteo@studenti.unipd.it', '2014-09-07', 'kZOteKapW/WhNCWFN7m8lxDYJKy3QjmR+Fey3BO2zpw=', '6965281517006241239', '2014-09-07', true);
INSERT INTO studente VALUES ('processX', 'alex.morgani@studenti.unipd.it', '2014-09-07', 'kZOteKapW/WhNCWFN7m8lxDYJKy3QjmR+Fey3BO2zpw=', '6965281517006241239', '2014-09-07', true);
INSERT INTO studente VALUES ('alcohol95', 'riccardo.severi@studenti.unipd.it', '2014-09-07', 'kZOteKapW/WhNCWFN7m8lxDYJKy3QjmR+Fey3BO2zpw=', '6965281517006241239', '2014-09-07', true);
INSERT INTO studente VALUES ('protein4', 'federica.orli@studenti.unipd.it', '2014-09-07', 'kZOteKapW/WhNCWFN7m8lxDYJKy3QjmR+Fey3BO2zpw=', '6965281517006241239', '2014-09-07', true);
INSERT INTO studente VALUES ('rumEcola', 'matteo.forestieri@studenti.unipd.it', '2014-09-07', 'kZOteKapW/WhNCWFN7m8lxDYJKy3QjmR+Fey3BO2zpw=', '6965281517006241239', '2014-09-07', true);
INSERT INTO studente VALUES ('ilcilindro', 'niccolo.freddi@studenti.unipd.it', '2014-09-07', 'kZOteKapW/WhNCWFN7m8lxDYJKy3QjmR+Fey3BO2zpw=', '6965281517006241239', '2014-09-07', true);
INSERT INTO studente VALUES ('polini', 'marina.franceschi@studenti.unipd.it', '2014-09-07', 'kZOteKapW/WhNCWFN7m8lxDYJKy3QjmR+Fey3BO2zpw=', '6965281517006241239', '2014-09-07', true);
INSERT INTO studente VALUES ('marmittone86', 'fabio.cristofori@studenti.unipd.it', '2014-09-07', 'kZOteKapW/WhNCWFN7m8lxDYJKy3QjmR+Fey3BO2zpw=', '6965281517006241239', '2014-09-07', true);
INSERT INTO studente VALUES ('turbo', 'matteo.rossi@studenti.unipd.it', '2014-09-07', 'kZOteKapW/WhNCWFN7m8lxDYJKy3QjmR+Fey3BO2zpw=', '6965281517006241239', '2014-09-07', true);
INSERT INTO studente VALUES ('enzo_ferrari', 'enzo.grigi@studenti.unipd.it', '2014-09-07', 'kZOteKapW/WhNCWFN7m8lxDYJKy3QjmR+Fey3BO2zpw=', '6965281517006241239', '2014-09-07', true);
INSERT INTO studente VALUES ('marco.capitomboli', 'marco.capitomboli@studenti.unipd.it', '2014-09-07', 'kZOteKapW/WhNCWFN7m8lxDYJKy3QjmR+Fey3BO2zpw=', '6965281517006241239', '2014-09-07', true);
INSERT INTO studente VALUES ('sandy.ottuso', 'sandy.lavanzo@studenti.unipd.it', '2014-09-07', 'kZOteKapW/WhNCWFN7m8lxDYJKy3QjmR+Fey3BO2zpw=', '6965281517006241239', '2014-09-07', true);
INSERT INTO studente VALUES ('victor.w', 'francesco.vittorio@studenti.unipd.it', '2014-09-07', 'kZOteKapW/WhNCWFN7m8lxDYJKy3QjmR+Fey3BO2zpw=', '6965281517006241239', '2014-09-07', true);
INSERT INTO studente VALUES ('giacomo.bianchi', 'giacomo@studenti.unipd.it', '2014-09-07', 'kZOteKapW/WhNCWFN7m8lxDYJKy3QjmR+Fey3BO2zpw=', '6965281517006241239', '2014-09-07', true);
INSERT INTO studente VALUES ('mattia.rambosi', 'mattia.rambosi@studenti.unipd.it', '2014-09-07', 'kZOteKapW/WhNCWFN7m8lxDYJKy3QjmR+Fey3BO2zpw=', '6965281517006241239', '2014-09-07', true);
INSERT INTO studente VALUES ('maria.ruccola', 'maria.ruccola@studenti.unipd.it', '2014-09-07', 'kZOteKapW/WhNCWFN7m8lxDYJKy3QjmR+Fey3BO2zpw=', '6965281517006241239', '2014-09-07', true);
INSERT INTO studente VALUES ('macigno32', 'ernesto.fusilli@studenti.unipd.it', '2014-09-07', 'kZOteKapW/WhNCWFN7m8lxDYJKy3QjmR+Fey3BO2zpw=', '6965281517006241239', '2014-09-07', true);
INSERT INTO studente VALUES ('volt64', 'giovanni.severino@studenti.unipd.it', '2014-09-07', 'kZOteKapW/WhNCWFN7m8lxDYJKy3QjmR+Fey3BO2zpw=', '6965281517006241239', '2014-09-07', true);
INSERT INTO studente VALUES ('amperDeVolt', 'francesca.devilla@studenti.unipd.it', '2014-09-07', 'kZOteKapW/WhNCWFN7m8lxDYJKy3QjmR+Fey3BO2zpw=', '6965281517006241239', '2014-09-07', true);
INSERT INTO studente VALUES ('luca_piccoli', 'luca@studenti.unipd.it', '2014-09-07', 'kZOteKapW/WhNCWFN7m8lxDYJKy3QjmR+Fey3BO2zpw=', '6965281517006241239', '2014-09-07', true);
INSERT INTO studente VALUES ('gianni80', 'gianni@studenti.unipd.it', '2014-09-07', 'kZOteKapW/WhNCWFN7m8lxDYJKy3QjmR+Fey3BO2zpw=', '6965281517006241239', '2014-09-07', true);
INSERT INTO studente VALUES ('federic0', 'federico@studenti.unipd.it', '2014-09-07', 'kZOteKapW/WhNCWFN7m8lxDYJKy3QjmR+Fey3BO2zpw=', '6965281517006241239', '2014-09-07', true);


--
-- Data for Name: interesse; Type: TABLE DATA; Schema: public; Owner: mauro
--

INSERT INTO interesse VALUES ('gianni80', 'CRAIOVA01');
INSERT INTO interesse VALUES ('luca_piccoli', 'CRAIOVA01');
INSERT INTO interesse VALUES ('federic0', 'F-ST-ETIE01');
INSERT INTO interesse VALUES ('federic0', 'CRAIOVA01');
INSERT INTO interesse VALUES ('gianni80', 'COP002');
INSERT INTO interesse VALUES ('gianni80', 'F-ST-ETIE01');
INSERT INTO interesse VALUES ('federic0', 'COP002');


--
-- Data for Name: iscrizione; Type: TABLE DATA; Schema: public; Owner: mauro
--

INSERT INTO iscrizione VALUES (1, 'mauro', '2014-09-16', '2016-02-16');
INSERT INTO iscrizione VALUES (9, 'marco', '2014-09-03', '2015-03-17');
INSERT INTO iscrizione VALUES (1, 'marcoSAN', '2014-10-01', '2015-10-01');
INSERT INTO iscrizione VALUES (1, 'gianni80', '2014-10-01', '2015-10-01');
INSERT INTO iscrizione VALUES (1, 'luca_piccoli', '2014-10-01', '2015-10-01');
INSERT INTO iscrizione VALUES (1, 'alessandro_magno', '2014-10-01', '2015-10-01');
INSERT INTO iscrizione VALUES (1, 'federic0', '2014-10-01', '2015-10-01');
INSERT INTO iscrizione VALUES (2, 'sarah', '2014-10-01', '2015-10-01');
INSERT INTO iscrizione VALUES (2, 'pamela', '2014-10-01', '2015-10-01');
INSERT INTO iscrizione VALUES (3, 'fede', '2014-10-01', '2015-10-01');
INSERT INTO iscrizione VALUES (3, 'nancy89', '2014-10-01', '2015-10-01');
INSERT INTO iscrizione VALUES (3, 'mark34', '2014-10-01', '2015-10-01');
INSERT INTO iscrizione VALUES (4, 'pier', '2014-10-01', '2015-10-01');
INSERT INTO iscrizione VALUES (4, 'ale33', '2014-10-01', '2015-10-01');
INSERT INTO iscrizione VALUES (4, 'fien', '2014-10-01', '2015-10-01');
INSERT INTO iscrizione VALUES (5, 'pastro', '2014-10-01', '2015-10-01');
INSERT INTO iscrizione VALUES (5, 'mcfly2011', '2014-10-01', '2015-10-01');
INSERT INTO iscrizione VALUES (5, 'sentence66', '2014-10-01', '2015-10-01');
INSERT INTO iscrizione VALUES (5, 'heinsenberg', '2014-10-01', '2015-10-01');
INSERT INTO iscrizione VALUES (5, 'chris', '2014-10-01', '2015-10-01');
INSERT INTO iscrizione VALUES (11, 'nope', '2014-10-01', '2015-10-01');
INSERT INTO iscrizione VALUES (11, 'processX', '2014-10-01', '2015-10-01');
INSERT INTO iscrizione VALUES (11, 'alcohol95', '2014-10-01', '2015-10-01');
INSERT INTO iscrizione VALUES (9, 'protein4', '2014-10-01', '2015-10-01');
INSERT INTO iscrizione VALUES (9, 'rumEcola', '2014-10-01', '2015-10-01');
INSERT INTO iscrizione VALUES (9, 'ilcilindro', '2014-10-01', '2015-10-01');
INSERT INTO iscrizione VALUES (9, 'polini', '2014-10-01', '2015-10-01');
INSERT INTO iscrizione VALUES (13, 'marmittone86', '2014-10-01', '2015-10-01');
INSERT INTO iscrizione VALUES (13, 'turbo', '2014-10-01', '2015-10-01');
INSERT INTO iscrizione VALUES (13, 'enzo_ferrari', '2014-10-01', '2015-10-01');
INSERT INTO iscrizione VALUES (13, 'marco.capitomboli', '2014-10-01', '2015-10-01');
INSERT INTO iscrizione VALUES (13, 'sandy.ottuso', '2014-10-01', '2015-10-01');
INSERT INTO iscrizione VALUES (20, 'victor.w', '2014-10-01', '2015-10-01');
INSERT INTO iscrizione VALUES (20, 'giacomo.bianchi', '2014-10-01', '2015-10-01');
INSERT INTO iscrizione VALUES (20, 'mattia.rambosi', '2014-10-01', '2015-10-01');
INSERT INTO iscrizione VALUES (20, 'maria.ruccola', '2014-10-01', '2015-10-01');
INSERT INTO iscrizione VALUES (18, 'macigno32', '2014-10-01', '2015-10-01');
INSERT INTO iscrizione VALUES (15, 'volt64', '2014-10-01', '2015-10-01');
INSERT INTO iscrizione VALUES (15, 'amperDeVolt', '2014-10-01', '2015-10-01');


--
-- Data for Name: linguacitta; Type: TABLE DATA; Schema: public; Owner: mauro
--

INSERT INTO linguacitta VALUES ('fra', 'Paris', 'France');
INSERT INTO linguacitta VALUES ('ita', 'Padua', 'Italy');
INSERT INTO linguacitta VALUES ('deu', 'Berlin', 'Germany');
INSERT INTO linguacitta VALUES ('eng', 'London', 'United Kingdom');
INSERT INTO linguacitta VALUES ('eng', 'Cambridge', 'United Kingdom');
INSERT INTO linguacitta VALUES ('dan', 'Copenhagen', 'Denmark');
INSERT INTO linguacitta VALUES ('ita', 'Pisa', 'Italy');
INSERT INTO linguacitta VALUES ('spa', 'Bilbao', 'Spain');
INSERT INTO linguacitta VALUES ('fra', 'Bordeaux', 'France');
INSERT INTO linguacitta VALUES ('ron', 'Bucarest', 'Romania');
INSERT INTO linguacitta VALUES ('deu', 'Wien', 'Austria');
INSERT INTO linguacitta VALUES ('nld', 'Brussels', 'Belgium');
INSERT INTO linguacitta VALUES ('fra', 'Brussels', 'Belgium');
INSERT INTO linguacitta VALUES ('deu', 'Brussels', 'Belgium');
INSERT INTO linguacitta VALUES ('deu', 'Hamburg', 'Germany');
INSERT INTO linguacitta VALUES ('deu', 'Bremen', 'Germany');
INSERT INTO linguacitta VALUES ('eng', 'Liege', 'Belgium');
INSERT INTO linguacitta VALUES ('fra', 'Liege', 'Belgium');
INSERT INTO linguacitta VALUES ('deu', 'Liege', 'Belgium');
INSERT INTO linguacitta VALUES ('deu', 'Weimar', 'Germany');
INSERT INTO linguacitta VALUES ('eng', 'Weimar', 'Germany');
INSERT INTO linguacitta VALUES ('spa', 'Las Palmas de Gran Canaria', 'Spain');
INSERT INTO linguacitta VALUES ('ron', 'Craiova', 'Romania');
INSERT INTO linguacitta VALUES ('eng', 'Extremadura', 'Spain');
INSERT INTO linguacitta VALUES ('spa', 'Extremadura', 'Spain');


--
-- Data for Name: linguatesi; Type: TABLE DATA; Schema: public; Owner: mauro
--

INSERT INTO linguatesi VALUES ('eng', 1);
INSERT INTO linguatesi VALUES ('bos', 2);
INSERT INTO linguatesi VALUES ('eus', 3);
INSERT INTO linguatesi VALUES ('eng', 4);


--
-- Data for Name: origine; Type: TABLE DATA; Schema: public; Owner: mauro
--

INSERT INTO origine VALUES ('F-ST-ETIE01', 1);
INSERT INTO origine VALUES ('F-ST-ETIE01', 2);
INSERT INTO origine VALUES ('BORDEAU54', 2);
INSERT INTO origine VALUES ('BORDEAU54', 3);
INSERT INTO origine VALUES ('BREMEN01', 9);
INSERT INTO origine VALUES ('BREMEN01', 10);
INSERT INTO origine VALUES ('BREMEN01', 11);
INSERT INTO origine VALUES ('LIEGE01', 9);
INSERT INTO origine VALUES ('LIEGE01', 10);
INSERT INTO origine VALUES ('LIEGE01', 11);
INSERT INTO origine VALUES ('HAMBURG03', 13);
INSERT INTO origine VALUES ('HAMBURG03', 15);
INSERT INTO origine VALUES ('HAMBURG06', 9);
INSERT INTO origine VALUES ('HAMBURG06', 10);
INSERT INTO origine VALUES ('HAMBURG06', 11);
INSERT INTO origine VALUES ('WEIMAR01', 9);
INSERT INTO origine VALUES ('WEIMAR01', 10);
INSERT INTO origine VALUES ('WEIMAR01', 11);
INSERT INTO origine VALUES ('BARCELO03', 14);
INSERT INTO origine VALUES ('BARCELO03', 17);
INSERT INTO origine VALUES ('LAS-PAL01', 19);
INSERT INTO origine VALUES ('LAS-PAL01', 20);
INSERT INTO origine VALUES ('CRAIOVA01', 1);
INSERT INTO origine VALUES ('CRAIOVA01', 2);
INSERT INTO origine VALUES ('CRAIOVA01', 3);
INSERT INTO origine VALUES ('BADAJOZ01', 16);
INSERT INTO origine VALUES ('BARCELO04', 21);
INSERT INTO origine VALUES ('CAM001', 2);
INSERT INTO origine VALUES ('CAM001', 3);
INSERT INTO origine VALUES ('LIEGE010', 21);
INSERT INTO origine VALUES ('COP002', 1);
INSERT INTO origine VALUES ('COP002', 2);
INSERT INTO origine VALUES ('COP002', 3);
INSERT INTO origine VALUES ('COP002', 4);
INSERT INTO origine VALUES ('COP002', 15);


--
-- Data for Name: partecipazione; Type: TABLE DATA; Schema: public; Owner: mauro
--

INSERT INTO partecipazione VALUES ('luca_piccoli', 'CRAIOVA01', '2013-02-14', '2014-10-23');
INSERT INTO partecipazione VALUES ('gianni80', 'CRAIOVA01', '2014-03-11', '2014-09-01');
INSERT INTO partecipazione VALUES ('federic0', 'COP002', '2014-02-03', '2014-08-13');


--
-- Name: professore_id_seq; Type: SEQUENCE SET; Schema: public; Owner: mauro
--

SELECT pg_catalog.setval('professore_id_seq', 19, true);


--
-- Data for Name: riconoscimento; Type: TABLE DATA; Schema: public; Owner: mauro
--



--
-- Data for Name: specializzazione; Type: TABLE DATA; Schema: public; Owner: mauro
--



--
-- Data for Name: svolgimento; Type: TABLE DATA; Schema: public; Owner: mauro
--

INSERT INTO svolgimento VALUES (1, 1);
INSERT INTO svolgimento VALUES (2, 3);
INSERT INTO svolgimento VALUES (3, 4);
INSERT INTO svolgimento VALUES (4, 5);
INSERT INTO svolgimento VALUES (4, 6);
INSERT INTO svolgimento VALUES (5, 7);
INSERT INTO svolgimento VALUES (5, 8);
INSERT INTO svolgimento VALUES (6, 12);
INSERT INTO svolgimento VALUES (7, 13);
INSERT INTO svolgimento VALUES (8, 16);
INSERT INTO svolgimento VALUES (9, 17);
INSERT INTO svolgimento VALUES (10, 18);
INSERT INTO svolgimento VALUES (10, 19);


--
-- Data for Name: valutazionecitta; Type: TABLE DATA; Schema: public; Owner: mauro
--

INSERT INTO valutazionecitta VALUES ('luca_piccoli', 'Craiova', 'Romania', 4, 3, 5, 2, '2014-09-07', 'Dirty city, but efficient transport services!');
INSERT INTO valutazionecitta VALUES ('gianni80', 'Craiova', 'Romania', 3, 3, 2, 1, '2014-09-07', 'Dirty everywhere! Stay at home man, you''ll get sick if you go!');


--
-- Data for Name: valutazioneflusso; Type: TABLE DATA; Schema: public; Owner: mauro
--

INSERT INTO valutazioneflusso VALUES ('luca_piccoli', 'CRAIOVA01', 4, 3, 4, 3, '2014-09-07', 'amazing experience!');
INSERT INTO valutazioneflusso VALUES ('gianni80', 'CRAIOVA01', 3, 3, 4, 2, '2014-09-07', 'The organization of the experience was tremendous!');


--
-- Data for Name: valutazioneinsegnamento; Type: TABLE DATA; Schema: public; Owner: mauro
--

INSERT INTO valutazioneinsegnamento VALUES ('luca_piccoli', 1, 4, 5, 4, 3, '2014-09-07', 'Very insteresting subject and the professor is available 24/7!!!');
INSERT INTO valutazioneinsegnamento VALUES ('luca_piccoli', 2, 4, 4, 5, 4, '2014-09-07', 'A very interesting subject. A lot of hours spent in  laboratories.');
INSERT INTO valutazioneinsegnamento VALUES ('gianni80', 2, 4, 4, 4, 3, '2014-09-07', 'Interesting and the professor very understandable!');
INSERT INTO valutazioneinsegnamento VALUES ('gianni80', 1, 2, 5, 4, 4, '2014-09-07', 'The professor goes too fast during the lesson, you cannot take your notes well... And the exam is tedious');
INSERT INTO valutazioneinsegnamento VALUES ('federic0', 8, 4, 2, 4, 3, '2014-09-07', 'Amazing class! Amazing professor!');
INSERT INTO valutazioneinsegnamento VALUES ('federic0', 9, 4, 4, 5, 3, '2014-09-07', 'Extremely difficult class, still not understand some concepts!');


--
-- Data for Name: valutazionetesi; Type: TABLE DATA; Schema: public; Owner: mauro
--

INSERT INTO valutazionetesi VALUES ('luca_piccoli', 1, 3, 3, 2, 3, '2014-09-07', 'The professor was not very clear on various topics.');


--
-- Data for Name: valutazioneuniversita; Type: TABLE DATA; Schema: public; Owner: mauro
--

INSERT INTO valutazioneuniversita VALUES ('gianni80', 'Universitatea din Craiova', 4, 3, 4, 3, '2014-09-07', 'Very interesting courses');


--
-- PostgreSQL database dump complete
--

