-- Insert into the database datas for fixed domain tables (Area, Lingua, CertificatiLinguistici)

-- Area

INSERT INTO Area(Nome) VALUES
	('Basic programmes and qualifications'),
	('Computer use'),
	('Literacy and numeracy'),
	('Database and network design and administration'),
	('Personal skills and development'),
	('Software and applications development and analysis'),
	('Education science'),
	('Chemical engineering and processes'),
	('Training for pre-school teachers'),
	('Environmental protection technology'),
	('Teacher training without subject specialization'),
	('Electricity and energy'),
	('Teacher training with subject specialization'),
	('Electronics and automation'),
	('Audio-visual techniques and media production'),
	('Mechanics and metal trades'),
	('Fashion, interior and industrial design'),
	('Motor vehicles, ships and aircraft'),
	('Fine arts'),
	('Food processing'),
	('Handicrafts'),
	('Materials (glass, paper, plastic and wood)'),
	('Music and performing arts'),
	('Textiles (clothes, footwear and leather)'),
	('Religion and theology'),
	('Mining and extraction'),
	('History and archaeology'),
	('Architecture and town planning'),
	('Philosophy and ethics'),
	('Building and civil engineering'),
	('Language acquisition'),
	('Crop and livestock production'),
	('Literature and linguistics'),
	('Horticulture'),
	('Economics'),
	('Forestry'),
	('Political sciences and civics'),
	('Fisheries'),
	('Psychology'),
	('Veterinary'),
	('Sociology and cultural studies'),
	('Dental studies'),
	('Journalism and reporting'),
	('Medicine'),
	('Library, information and archival studies'),
	('Nursing and midwifery'),
	('Accounting and taxation'),
	('Medical diagnostic and treatment technology'),
	('Finance, banking and insurance'),
	('Therapy and rehabilitation'),
	('Management and administration'),
	('Pharmacy'),
	('Marketing and advertising'),
	('Traditional and complementary medicine and therapy'),
	('Secretarial and office work'),
	('Care of the elderly and of disabled adults'),
	('Wholesale and retail sales'),
	('Child care and youth services'),
	('Work skills'),
	('Social work and counselling'),
	('Law'),
	('Domestic services'),
	('Biology'),
	('Hair and beauty services'),
	('Biochemistry'),
	('Hotel, restaurants and catering'),
	('Environmental sciences'),
	('Sports'),
	('Natural environments and wildlife'),
	('Travel, tourism and leisure'),
	('Chemistry'),
	('Community sanitation'),
	('Earth sciences'),
	('Occupational health and safety'),
	('Physics'),
	('Military and defence'),
	('Mathematics'),
	('Protection of persons and property'),
	('Statistics'),
	('Transport services');
	
-- Lingua
-- Sigla è ISO 639-2 Alpha 2
	
INSERT INTO Lingua(Sigla,Nome) VALUES
	('hye', 'Armenian'),
	('ast', 'Asturian'),
	('eus', 'Basque'),
	('bel', 'Belarusian'),
	('bos', 'Bosnian'),
	('bul', 'Bulgarian'),
	('cat', 'Catalan'),
	('ces', 'Czech'),
	('cym', 'Welsh'),
	('dan', 'Danish'),
	('deu', 'German'),
	('nld', 'Dutch'),
	('ell', 'Greek'),
	('eng', 'English'),
	('epo', 'Esperanto'),
	('fao', 'Faroese'),
	('fin', 'Finnish'),
	('fra', 'French'),
	('kat', 'Georgian'),
	('gle', 'Irish'),
	('heb', 'Hebrew'),
	('hrv', 'Croatian'),
	('hun', 'Hungarian'),
	('isl', 'Icelandic'),
	('ita', 'Italian'),
	('lit', 'Lithuanian'),
	('ltz', 'Luxembourgish'),
	('mkd', 'Macedonian'),
	('mlt', 'Maltese'),
	('pol', 'Polish'),
	('por', 'Portuguese'),
	('ron', 'Romanian'),
	('rus', 'Russian'),
	('slk', 'Slovak'),
	('slv', 'Slovenian'),
	('spa', 'Spanish'),
	('swe', 'Swedish'),
	('tur', 'Turkish'),
	('ukr', 'Ukrainian'),
	('wln', 'Walloon'),
	('sqi', 'Albanian'),
	('ara', 'Arabic'),
	('est', 'Estonian'),
	('lav', 'Latvian'),
	('nor', 'Norwegian');
	
-- certificati linguistici
	
INSERT INTO CertificatiLinguistici(NomeLingua,Livello) VALUES
('hye', 'A1'),
('hye', 'A2'),
('hye', 'B1'),
('hye', 'B2'),
('hye', 'C1'),
('hye', 'C2'),
('ast', 'A1'),
('ast', 'A2'),
('ast', 'B1'),
('ast', 'B2'),
('ast', 'C1'),
('ast', 'C2'),
('eus', 'A1'),
('eus', 'A2'),
('eus', 'B1'),
('eus', 'B2'),
('eus', 'C1'),
('eus', 'C2'),
('bel', 'A1'),
('bel', 'A2'),
('bel', 'B1'),
('bel', 'B2'),
('bel', 'C1'),
('bel', 'C2'),
('bos', 'A1'),
('bos', 'A2'),
('bos', 'B1'),
('bos', 'B2'),
('bos', 'C1'),
('bos', 'C2'),
('bul', 'A1'),
('bul', 'A2'),
('bul', 'B1'),
('bul', 'B2'),
('bul', 'C1'),
('bul', 'C2'),
('cat', 'A1'),
('cat', 'A2'),
('cat', 'B1'),
('cat', 'B2'),
('cat', 'C1'),
('cat', 'C2'),
('ces', 'A1'),
('ces', 'A2'),
('ces', 'B1'),
('ces', 'B2'),
('ces', 'C1'),
('ces', 'C2'),
('cym', 'A1'),
('cym', 'A2'),
('cym', 'B1'),
('cym', 'B2'),
('cym', 'C1'),
('cym', 'C2'),
('dan', 'A1'),
('dan', 'A2'),
('dan', 'B1'),
('dan', 'B2'),
('dan', 'C1'),
('dan', 'C2'),
('deu', 'A1'),
('deu', 'A2'),
('deu', 'B1'),
('deu', 'B2'),
('deu', 'C1'),
('deu', 'C2'),
('nld', 'A1'),
('nld', 'A2'),
('nld', 'B1'),
('nld', 'B2'),
('nld', 'C1'),
('nld', 'C2'),
('ell', 'A1'),
('ell', 'A2'),
('ell', 'B1'),
('ell', 'B2'),
('ell', 'C1'),
('ell', 'C2'),
('eng', 'A1'),
('eng', 'A2'),
('eng', 'B1'),
('eng', 'B2'),
('eng', 'C1'),
('eng', 'C2'),
('epo', 'A1'),
('epo', 'A2'),
('epo', 'B1'),
('epo', 'B2'),
('epo', 'C1'),
('epo', 'C2'),
('fao', 'A1'),
('fao', 'A2'),
('fao', 'B1'),
('fao', 'B2'),
('fao', 'C1'),
('fao', 'C2'),
('fin', 'A1'),
('fin', 'A2'),
('fin', 'B1'),
('fin', 'B2'),
('fin', 'C1'),
('fin', 'C2'),
('fra', 'A1'),
('fra', 'A2'),
('fra', 'B1'),
('fra', 'B2'),
('fra', 'C1'),
('fra', 'C2'),
('kat', 'A1'),
('kat', 'A2'),
('kat', 'B1'),
('kat', 'B2'),
('kat', 'C1'),
('kat', 'C2'),
('gle', 'A1'),
('gle', 'A2'),
('gle', 'B1'),
('gle', 'B2'),
('gle', 'C1'),
('gle', 'C2'),
('heb', 'A1'),
('heb', 'A2'),
('heb', 'B1'),
('heb', 'B2'),
('heb', 'C1'),
('heb', 'C2'),
('hrv', 'A1'),
('hrv', 'A2'),
('hrv', 'B1'),
('hrv', 'B2'),
('hrv', 'C1'),
('hrv', 'C2'),
('hun', 'A1'),
('hun', 'A2'),
('hun', 'B1'),
('hun', 'B2'),
('hun', 'C1'),
('hun', 'C2'),
('isl', 'A1'),
('isl', 'A2'),
('isl', 'B1'),
('isl', 'B2'),
('isl', 'C1'),
('isl', 'C2'),
('ita', 'A1'),
('ita', 'A2'),
('ita', 'B1'),
('ita', 'B2'),
('ita', 'C1'),
('ita', 'C2'),
('lit', 'A1'),
('lit', 'A2'),
('lit', 'B1'),
('lit', 'B2'),
('lit', 'C1'),
('lit', 'C2'),
('ltz', 'A1'),
('ltz', 'A2'),
('ltz', 'B1'),
('ltz', 'B2'),
('ltz', 'C1'),
('ltz', 'C2'),
('mkd', 'A1'),
('mkd', 'A2'),
('mkd', 'B1'),
('mkd', 'B2'),
('mkd', 'C1'),
('mkd', 'C2'),
('mlt', 'A1'),
('mlt', 'A2'),
('mlt', 'B1'),
('mlt', 'B2'),
('mlt', 'C1'),
('mlt', 'C2'),
('pol', 'A1'),
('pol', 'A2'),
('pol', 'B1'),
('pol', 'B2'),
('pol', 'C1'),
('pol', 'C2'),
('por', 'A1'),
('por', 'A2'),
('por', 'B1'),
('por', 'B2'),
('por', 'C1'),
('por', 'C2'),
('ron', 'A1'),
('ron', 'A2'),
('ron', 'B1'),
('ron', 'B2'),
('ron', 'C1'),
('ron', 'C2'),
('rus', 'A1'),
('rus', 'A2'),
('rus', 'B1'),
('rus', 'B2'),
('rus', 'C1'),
('rus', 'C2'),
('slk', 'A1'),
('slk', 'A2'),
('slk', 'B1'),
('slk', 'B2'),
('slk', 'C1'),
('slk', 'C2'),
('slv', 'A1'),
('slv', 'A2'),
('slv', 'B1'),
('slv', 'B2'),
('slv', 'C1'),
('slv', 'C2'),
('spa', 'A1'),
('spa', 'A2'),
('spa', 'B1'),
('spa', 'B2'),
('spa', 'C1'),
('spa', 'C2'),
('swe', 'A1'),
('swe', 'A2'),
('swe', 'B1'),
('swe', 'B2'),
('swe', 'C1'),
('swe', 'C2'),
('tur', 'A1'),
('tur', 'A2'),
('tur', 'B1'),
('tur', 'B2'),
('tur', 'C1'),
('tur', 'C2'),
('ukr', 'A1'),
('ukr', 'A2'),
('ukr', 'B1'),
('ukr', 'B2'),
('ukr', 'C1'),
('ukr', 'C2'),
('wln', 'A1'),
('wln', 'A2'),
('wln', 'B1'),
('wln', 'B2'),
('wln', 'C1'),
('wln', 'C2'),
('sqi', 'A1'),
('sqi', 'A2'),
('sqi', 'B1'),
('sqi', 'B2'),
('sqi', 'C1'),
('sqi', 'C2'),
('ara', 'A1'),
('ara', 'A2'),
('ara', 'B1'),
('ara', 'B2'),
('ara', 'C1'),
('ara', 'C2'),
('est', 'A1'),
('est', 'A2'),
('est', 'B1'),
('est', 'B2'),
('est', 'C1'),
('est', 'C2'),
('lav', 'A1'),
('lav', 'A2'),
('lav', 'B1'),
('lav', 'B2'),
('lav', 'C1'),
('lav', 'C2'),
('nor', 'A1'),
('nor', 'A2'),
('nor', 'B1'),
('nor', 'B2'),
('nor', 'C1'),
('nor', 'C2');

